image,text,category
data/raw/other/utrset_000.png,اندراج و تحریر شرعاً صرف مستحب اور پسندیدہ ہے وہ واجب نہیں کہ کسی شرعی,
data/raw/other/utrset_001.png,اور ہندوستان کی مسلم ریاستوں میں اس پر کم و بیش عمل درآمد بھی ہے، جہاں تک جبری,
data/raw/other/utrset_002.png,بلکہ اس کے نزدیک وہ پسندیدہ اور مستحسن بھی ہے، عملی پہلوکے لحاظ سے اسلامی سلطنتوں,
data/raw/other/utrset_003.png,جہاں تک پہلی صورت کاتعلق ہے، شریعت اسلامیہ کی رو سے اس پر اعتراض جائز نہیں،,
data/raw/other/utrset_004.png,ہے، اس لیے اس کولازمی طورپر جاری کردیاجائے، اس کانام جبر ی اندراج ہے،,
data/raw/other/utrset_005.png,مقدمات سے نجات مل سکتی ہے، نکاح کے ثبوت اورک دین مہر کے تعین میں سہولت ہوتی,
data/raw/other/utrset_006.png,دوسرا پہلو یہ ہے کہ چونکہ اس اندراج میں بہت سی مصلحتیں ہیں، اس سے بڑی حدتک,
data/raw/other/utrset_007.png,جس قدر لوگ اس پر عمل کریں اتنا ہی فائدہ ہے، اس کانام اختیاری اندراج ہے،,
data/raw/other/utrset_008.png,ایک تویہ کہ اس قسم کااندراج مفید ونافع ہے، اوراس کا رواج دینا مناسب ہے،,
data/raw/other/utrset_009.png,کے لیے غیر ضروری تسلیم کرتے ہوئے اس حیثیت سے یہ مسئلہ زیر بحث آسکتاہے،,
data/raw/other/utrset_010.png,اسلامی حکم کے خلاف ہوگا، ہاں نکاح وطلاق کے اندراج کوصحت نکاح وطلاق,
data/raw/other/utrset_011.png,جو نکاح وطلاق کی اس حیثیت پر اثر انداز ہو، قبول نہیں کیاجاسکتا، کیونکہ وہ,
data/raw/other/utrset_012.png,نہیں ہوئی، ناجائز اور قابل انکار نہیں قرار دی جاسکتی، اس لیے کوئی ایسا قانون,
data/raw/other/utrset_013.png,اورکوئی طلاق صرف اس وجہ سے کہ وہ لکھی نہیں گئی یا سرکاری رجسٹر میں درج,
data/raw/other/utrset_014.png,نکاح صرف اس وجہ سے وہ لکھا نہیں گیا یا سرکاری رجسٹرمیں درج نہیں ہے,
data/raw/other/utrset_015.png,زبانی الفاظ طلاق (بشرائط مقررہ ومعتبرہ) و قوع طلاق کے لیے کافی ہیں، کوئی,
data/raw/other/utrset_016.png,نہیں، مذہبی طورپر زبانی ایجاب و قبول (بشرائط مقررہ و معتبرہ) نکاح کے لیے اور,
data/raw/other/utrset_017.png,احکام کی بناء پر نکاح وطلاق کی صحت کے لیے کتاب اور رجسٹر میں اندراج کی ضرورت,
data/raw/other/utrset_018.png,اس وقت مسئلہ یہ تھا کہ نکاح وطلاق کا اندراج سرکاری طورپر ایک رجسٹرمیں,
data/raw/other/utrset_019.png,اس لیے اس سے ان کے خیالات کااندازہ کیاجاسکتاہے۔,
data/raw/other/utrset_020.png,میں قابل قبول نہیں سمجھی گئی توپھر مولاناکفایت اللہ اور مولاناقطب الدین کی تائید سے,
data/raw/other/utrset_021.png,فرنگی محلی وغیرہ تھے، اس کمیٹی نے جو رپورٹ تیار کی وہ یوپی کی مجلس قانون ساز,
data/raw/other/utrset_022.png,کے ساتھ مولاناکفایت اللہ دہلوی،مولوی نعیم الدین مرادآبادی اور مولانا قطب الدین,
data/raw/other/utrset_023.png,الہ آباد ہائی کورٹ)تھے، اس کے ممبروں میں ڈاکٹر شفاعت احمدخاں کے علاوہ,
data/raw/other/utrset_024.png,کو رجسٹرڈ کرنے کے لیے ایک قانون بناناتھا، اس کمیٹی کے صدر سرشاہ سلیمان (جج,
data/raw/other/utrset_025.png,تھا، اس کامقصد مسلمانوں کونکاح وطلاق کے معاملات پر غور اور نکاح وطلاق,
data/raw/other/utrset_026.png,الہ آباد یونیورسٹی) کی تحریک سے ایک کمیٹی بنائی گئی تھی، جس کانام ”مسلم میرج سب کمیٹی“,
data/raw/other/utrset_027.png,میں یوپی کی مجلس قانون ساز میں ڈاکٹرشفاعت احمدخاں (پروفیسر تاریخ,
data/raw/other/utrset_028.png,میں بڑی ہمدردی سے دلچسپی لی، جیسا کہ حسبِ ذیل تفصیلات سے اندازہ ہوگا۔,
data/raw/other/utrset_029.png,انھوں نے قرآن مجید، حدیث اور فقہ کے اپنے گہرے مطالعہ سے ان کو حل کرنے,
data/raw/other/utrset_030.png,اور وراثت کے مسائل میں بہت سے سوالات پیداہوتے رہے اس سلسلہ میں,
data/raw/other/utrset_031.png,تو متعین کردیا ہے مگر جیسا کہ پہلے بھی کہا گیاہے، ہندوستان میں ان کے نکاح،طلاق,
data/raw/other/utrset_032.png,غیر مسلم حاکم کافیصلہ جائز نہیں ہوسکتاہے اور نہ ایسے مسلمان حاکموں سے اس کے,
data/raw/other/utrset_033.png,اس مشکل اس لیے حل نہیں کرسکتی ہیں کہ ان مسائل میں شرع اسلامی کے رو سے,
data/raw/other/utrset_034.png,جائیں جو آنریری منصف کوحاصل ہیں، تاکہ وہ اپنے اختیارات سے ایسی مشکلوں,
data/raw/other/utrset_035.png,مشکل یک آسان صورت یہ ہے کہ قاضیوں کوان معاملات کے لیے وہ اختیارات دیئے,
data/raw/other/utrset_036.png,رجسٹری آفس بھی نئی ذمہ داریوں سے محفوظ رہیں گے(۲) اگر بالفعل یہ ممکن نہ ہو تواس,
data/raw/other/utrset_037.png,ساری مشکلات دور ہوجائیں گی، عدالتیں بھی بہت سی دقتوں سے محفوظ ہوجائیں گی،,
data/raw/other/utrset_038.png,قائم کردیاجائے جس کوان معاملات میں فیصلہ کرنے کاپورااختیار ہو، اس طرح تو,
data/raw/other/utrset_039.png,نظام میں لاکر پورے صوبہ میں مسلمانوں کے نکاح وطلاق کے لیے ایک علیحدہ محکمہئ قضا,
data/raw/other/utrset_040.png,کیں کہ (۱) مسلمانوں کے ان مسائل کے لیے قاضی مقرر کیے جائیں اوران کوایک مرکزی,
data/raw/other/utrset_041.png,دونوں کے لیے مصیبت کاباعث ہوتے ہیں، مسلمان لڑکیاں مظلوم بنی رہتی ہیں، اس مصیبت کو,
data/raw/other/utrset_042.png,وجہ سے مقدمے دائر ہوجاتے ہیں، ایسی صورت میں یہ مقدمات، خاندانوں اور عدالتوں,
data/raw/other/utrset_043.png,مختلف صورتوں،خلع، خیار اور تفریق کے مسائل، ولی ہونے کے باہمی فرق و مراتب,
data/raw/other/utrset_044.png,ہے کہ ترک وراثت، رضاعت، رشتوں کے حلال و حرام ہونے، عدت اطلاق کی,
data/raw/other/utrset_045.png,اس لحاظ سے بے انصافی ہوتی ہے کہ ایسے لوگ بھی ان کا نکاح پڑھا دیتے ہیں جو ممکن,
data/raw/other/utrset_046.png,اور تحصیلوں میں قاضیوں اور نائب قاضیوں کاتقرر کرے تو تمام مشکلات کا حل ہوجاتا,
data/raw/other/utrset_047.png,اور یہ قاضی القضاۃ مسلمانوں کی رضامندی اور گورنمنٹ یک منظوری سے اضلاع,
data/raw/other/utrset_048.png,اگر صوبہ کے مسلمان ایک قاضی القضاۃ کا انتخاب کریں اور گورنمنٹ اس ک منظورکرے,
data/raw/other/utrset_049.png,قوت حاصل ہونے کے لیے ضروری ہے کہ حکومت اس انتخاب کوقبول کرے، اس بناء پر,
data/raw/other/utrset_050.png,اپنی رضامندی سے ایک قاضی کاانتخاب کریں اوراس قاضی کوتنقیدکی طاقت اور,
data/raw/other/utrset_051.png,منظور کرنا تقریباً ناممکن ہے، اس بناء پر اگر کوئی صورت ممکن ہے تووہ یہ ہے کہ مسلمان,
data/raw/other/utrset_052.png,مسلم حکومت کیلیے خاص طورسے مسلمانوں کی خاطر ایک مستقل مسلمان والی کے تصور کو,
data/raw/other/utrset_053.png,مختلف مذہبوں اور قوموں کی ایسی مخلوط آبادی ہے، جس کا لحاظ کرکے یہاں کی غیر,
data/raw/other/utrset_054.png,قضا کے لیے تینوں مذکورہئ بالاشکلوں میں ایک شکل اختیارکرنی پڑے گی، ہندوستان,
data/raw/other/utrset_055.png,میں مسلمانوں کے ان شرعی معاملات کے نظم،نسق، ترتیب، ان احکام کے احیاء اور,
data/raw/other/utrset_056.png,مندی سے قاضی کاانتخاب کریں، یہ تینوں شکلیں فقہ کی کتابوں میں مذکور ہیں۔,
data/raw/other/utrset_057.png,کردے، یہ مسلمان والی پھر قاضی مقرر کرے (۳) یہ بھی ممکن نہ ہو تو مسلمان اپنی باہمی رضا,
data/raw/other/utrset_058.png,ہوسکے توغیر مسلم حکومت سے مطالبہ کیاجائے کہ وہی ان پر ایک مسلمان والی مقرر,
data/raw/other/utrset_059.png,انتخاب کریں اور وہ قاضیوں کا تقرر کرے جو نکاح وطلاق کے مسئلے کو طے کریں (۲)یہ نہ,
data/raw/synthetic/urdu_1.png,پاکستان زندہ باد,
data/raw/synthetic/urdu_2.png,آج کا موسم خوشگوار ہے,
data/raw/synthetic/urdu_3.png,تعلیم ہر انسان کا حق ہے,
data/raw/synthetic/urdu_4.png,کراچی پاکستان کا سب سے بڑا شہر ہے,
data/raw/synthetic/urdu_5.png,محنت کامیابی کی کنجی ہے,
data/raw/synthetic/urdu_6.png,علم انسان کو روشنی دیتا ہے,
data/raw/synthetic/urdu_7.png,وقت کی قدر کرنی چاہیے,
data/raw/synthetic/urdu_8.png,صحت سب سے بڑی نعمت ہے,
data/raw/synthetic/urdu_9.png,دوستی ایک قیمتی رشتہ ہے,
data/raw/synthetic/urdu_10.png,محنت کبھی رائیگاں نہیں جاتی,
data/raw/synthetic/urdu_11.png,پانی زندگی کی علامت ہے,
data/raw/synthetic/urdu_12.png,کتاب انسان کی بہترین دوست ہے,
data/raw/synthetic/urdu_13.png,سچ بولنا ایک اچھی عادت ہے,
data/raw/synthetic/urdu_14.png,لاہور پاکستان کا دل ہے,
data/raw/synthetic/urdu_15.png,بچے ملک کا مستقبل ہیں,
data/raw/synthetic/urdu_16.png,صبر کا پھل میٹھا ہوتا ہے,
data/raw/synthetic/urdu_17.png,ورزش صحت کے لیے ضروری ہے,
data/raw/synthetic/urdu_18.png,اردو ایک خوبصورت زبان ہے,
data/raw/synthetic/urdu_19.png,درخت ہمیں آکسیجن دیتے ہیں,
data/raw/synthetic/urdu_20.png,نظم و ضبط کامیابی کی کنجی ہے,
data/raw/books/book_001.png,باب 1 لیپ ٹاپ تکیے پہ رکھا تھا اور وہ اس کے سامنے کہنیوں کے بل اوندھی لیٹی تھی۔ اسکرین کی روشنی اس کے چہرے کو چمکا رہی تھی۔ وہ ٹھوڑی تلے ہتھیلی رکھے دوسرے ہاتھ کی ایک انگلی لیپ ٹاپ کے ٹچ پیڈ پر پھیر رہی تھی۔ لمبے، سیدھے، سیاہ بال پیچھے کمر پہ پڑے تھے۔ اس کی آنکھیں بھی ویسی ہی تھیں۔ سیاہ، بڑی بڑی مغلی آنکھیں، جن میں چاندنی کی سی چمک تھی اور چہرہ تو ملائی کا بنا لگتا تھا۔ سفید، ملائم اور چمکدار۔ وہ اسی مگن انداز میں اسکرین پر نگاہیں مرکوز کیے، ٹچ پیڈ پہ انگلی پھیر رہی تھی۔ ایک کلک کے بعد اگلا صفحہ کھلا تو ایک دم اس کی متحرک انگلی ٹھہر گئی۔ اسکرین پہ جمی آنکھوں میں ذرا سا تفکر اُبھرا اور پھر بے چینی۔ اس نے جلدی جلدی دو، تین بٹن دبائے۔ لوڈنگ...... اگلے صفحے کے لوڈ ہونے کا انتظار کرتے ہوئے اسی مضطرب انداز میں اس نے انگلی سے چہرے کے دائیں طرف پھسلتی لٹیں پیچھے کیں۔ چند سیکنڈ بعد صفحہ لوڈ ہو گیا تھا۔ وہ بے چینی سے چہرہ اسکرین کے قریب لائی تو سلکی بالوں کی چند لٹیں پھر سے شانے پہ پھسل کر آگے گر گئیں۔ جیسے جیسے وہ پڑھتی گئی، اس کی سیاہ آنکھیں حیرت سے پھیلتی گئیں۔ لب ذرا سے کھل گئے اور پورا وجود بے یقینی میں ڈوب گیا۔ ڈھیر سارے لمحے لگنے تھے، اسے خود کو یقین دلانے میں کہ جو وہ پڑھ رہی ہے، بالکل سچ ہے اور جیسے ہی اس کے ذہن نے یقین کی دھرتی کو چھوا، وہ ایک جھٹکے سے اُٹھ بیٹھی۔ اس کا سیل فون سائیڈ ٹیبل پہ رکھا تھا۔ اس نے ہاتھ بڑھا کر سیل اُٹھایا اور جلدی جلدی کوئی نمبر ملانے لگی۔ رات کی مقدس خاموشی میں بٹنوں کی آواز نے ذرا سا ارتعاش پیدا کیا تھا۔ اس نے فون کان سے لگایا۔ دوسری جانب گھنٹی جا رہی تھی۔ ”ہیلو زارا؟“ شاید رابطہ مل گیا تھا، تب ہی وہ دبے دبے جوش سے چہکی۔ ”کیسی ہو؟ سو تو نہیں گئی تھیں؟ حیا بول رہی ہوں۔“ دوسری طرف اس کی دوست کچھ کہہ رہی تھی۔ وہ لمحے بھر کو سننے کے لیے رکی، پھر دھیرے سے ہنس دی۔ ”ساری باتیں چھوڑو زارا! میرے پاس جو بڑی خبر ہے، وہ سنو!“ اب وہ عادتاً سیاہ بالوں کی ایک موٹی لٹ انگلی پہ لپیٹتی کہہ رہی تھی۔ ”اور تم یقین نہیں کرو گی، میں جانتی ہوں۔“ ”ارے نہیں، داور بھائی کی شادی کے متعلق نہیں ہے۔“ دوسری جانب زارا نے کچھ کہا تو اس نے فوراً تردید کی۔ ”بلکہ یوں کرو، تم گیس کرو کہ میں تمہیں کیا بتانے والی ہوں۔“ اس نے ایک ہاتھ سے لیپ ٹاپ پرے کیا اور تکیہ نکال کر بیڈ کراؤن کے ساتھ سیدھا لگایا، پھر اس سے ٹیک لگا کر پاؤں سیدھے کر لیے۔,
data/raw/books/book_002.png,فہرست مضامین,
data/raw/books/book_003.png,باب اول,
data/raw/books/book_004.png,باب دوم,
data/raw/books/book_005.png,باب سوم,
data/raw/books/book_006.png,باب چہارم,
data/raw/books/book_007.png,حرفِ آغاز,
data/raw/books/book_008.png,پیش رس,
data/raw/books/book_009.png,ابتدائیہ,
data/raw/books/book_010.png,مقدمہ,
data/raw/books/book_011.png,تعارف,
data/raw/books/book_012.png,پہلا حصہ,
data/raw/books/book_013.png,دوسرا حصہ,
data/raw/books/book_014.png,تیسرا حصہ,
data/raw/books/book_015.png,آخری حصہ,
data/raw/books/book_016.png,خلاصہ,
data/raw/books/book_017.png,نتائج,
data/raw/books/book_018.png,حوالہ جات,
data/raw/books/book_019.png,کتابیات,
data/raw/books/book_020.png,ضمیمہ,
data/raw/books/book_021.png,اشاریہ,
data/raw/books/book_022.png,فرہنگ,
data/raw/books/book_023.png,غزل,
data/raw/books/book_024.png,نظم,
data/raw/books/book_025.png,مرثیہ,
data/raw/books/book_026.png,قصیدہ,
data/raw/books/book_027.png,رباعی,
data/raw/books/book_028.png,مثنوی,
data/raw/books/book_029.png,قطعات,
data/raw/books/book_030.png,مکتوبات,
data/raw/books/book_031.png,افسانہ,
data/raw/books/book_032.png,ناول,
data/raw/books/book_033.png,ڈرامہ,
data/raw/books/book_034.png,سفرنامہ,
data/raw/books/book_035.png,آپ بیتی,
data/raw/newspaper/newspaper_001.png,پہلی بات,
data/raw/newspaper/newspaper_002.png,جاگو جگاؤ,
data/raw/newspaper/newspaper_003.png,دلوں میں رہنے والے,
data/raw/newspaper/newspaper_004.png,عبادت کیا ہے,
data/raw/newspaper/newspaper_005.png,روشن اقوال,
data/raw/newspaper/newspaper_006.png,دنیا کی مشہور مساجد,
data/raw/newspaper/newspaper_007.png,دنیا کی مشہور مساجد - نیلی مسجد، استنبول,
data/raw/newspaper/newspaper_008.png,دنیا کی مشہور مساجد - مسجد طوبیٰ، کراچی,
data/raw/newspaper/newspaper_009.png,بلاعنوان انعامی کہانی,
data/raw/newspaper/newspaper_010.png,بلاعنوان انعامی کہانی,
data/raw/newspaper/newspaper_011.png,بلاعنوان انعامی کہانی,
data/raw/newspaper/newspaper_012.png,بلاعنوان انعامی کہانی,
data/raw/newspaper/newspaper_013.png,بلاعنوان انعامی کہانی,
data/raw/newspaper/newspaper_014.png,بلاعنوان انعامی کہانی,
data/raw/newspaper/newspaper_015.png,پہلی بات,
data/raw/newspaper/newspaper_016.png,جاگو جگاؤ,
data/raw/newspaper/newspaper_017.png,انصاف کی آواز,
data/raw/newspaper/newspaper_018.png,اسلام ایک نظر میں,
data/raw/newspaper/newspaper_019.png,سمندر کی رنگ برنگی دنیا,
data/raw/newspaper/newspaper_020.png,سمندر کی رنگ برنگی دنیا - گریٹ بیرئیر ریف,
data/raw/newspaper/newspaper_021.png,بطخ,
data/raw/newspaper/newspaper_022.png,جانوروں کی زندگی - ڈونلڈ ڈک,
data/raw/newspaper/newspaper_023.png,بطخ کی مشہور اقسام,
data/raw/newspaper/newspaper_024.png,پہاڑوں کا بیٹا,
data/raw/newspaper/newspaper_025.png,پہاڑوں کا بیٹا,
data/raw/newspaper/newspaper_026.png,قلعہ روہتاس,
data/raw/newspaper/newspaper_027.png,قلعہ روہتاس - بارہ دروازے,
data/raw/newspaper/newspaper_028.png,قلعہ روہتاس - شاہی مسجد,
data/raw/newspaper/newspaper_029.png,قلعہ روہتاس - محلات اور باؤلیاں,
data/raw/newspaper/newspaper_030.png,کتاب اور کہانی,
data/raw/newspaper/newspaper_031.png,کتاب اور کہانی - ننھا شہزادہ,
data/raw/newspaper/newspaper_032.png,بلاعنوان انعامی کہانی,
data/raw/newspaper/newspaper_033.png,بلاعنوان انعامی کہانی,
data/raw/newspaper/newspaper_034.png,بلاعنوان انعامی کہانی,
data/raw/newspaper/newspaper_035.png,بلاعنوان انعامی کہانی,
data/raw/newspaper/newspaper_036.png,سبق,
data/raw/newspaper/newspaper_037.png,سبق,
data/raw/newspaper/newspaper_038.png,سبق,
raw/synthetic/synth_0000.jpg,مصباح الحق کی قیادت میں ون ڈے ٹیم کے 7 کھلاڑی آج بھارت روانہ ہوں گے,synthetic
raw/synthetic/synth_0001.jpg,ایشین کبڈی ورلڈ کپ غیرمعینہ مدت کے لیے ملتوی,synthetic
raw/synthetic/synth_0002.jpg,مائیکل کلارک کی توہم پرستی آسٹریلیا کی ناکامی کا سبب بنی,synthetic
raw/synthetic/synth_0003.jpg,کوہلی نے محمد عامر کو خطرناک ترین بولر قرار دیدیا,synthetic
raw/synthetic/synth_0004.jpg,ون ڈے رینکنگ، سیریز میں جان لڑانے کا پاکستان کو صلہ نہیں ملے گا,synthetic
raw/synthetic/synth_0005.jpg,اسپین میں مسافر کا جہاز کے پر کے اوپر بیٹھ کر انوکھا احتجاج,synthetic
raw/synthetic/synth_0006.jpg,دوسرا ٹی 20، گونارتنے نے کینگروز کے دانت کھٹے کردیے,synthetic
raw/synthetic/synth_0007.jpg,اسپاٹ فکسنگ: خالد لطیف نے ایک بار پھر ٹریبیونل پر اعتراضات اٹھا دیئے,synthetic
raw/synthetic/synth_0008.jpg,زندگی بدلنی ہے تو کمپیوٹر پاس ورڈ سے مدد لیجیے!,synthetic
raw/synthetic/synth_0009.jpg,نزلہ،زکام، بخار سمیت بیشتر امراض کی دوائیں ناپید ہونے سے مریض پریشان,synthetic
raw/synthetic/synth_0010.jpg,ٹیسٹ رینکنگ میں نمبر ون بولر کا تاج اینڈرسن کے سر سج گیا,synthetic
raw/synthetic/synth_0011.jpg,ٹرائنگولر کرکٹ سیریز سری لنکا نے اپنے نام کر لی,synthetic
raw/synthetic/synth_0012.jpg,چیمپئنز ٹرافی، آفریدی اورعمراکمل کا انتخاب، سلیکٹرز مشکل میں پڑ گئے,synthetic
raw/synthetic/synth_0013.jpg,ہاکی فیڈریشن نے انتخابی شیڈول کو حتمی شکل دے دی,synthetic
raw/synthetic/synth_0014.jpg,ہاکی کیمپ: منتخب کھلاڑی آج لاہور میں رپورٹ کرینگے,synthetic
raw/synthetic/synth_0015.jpg,کوہلی کی برانڈ ویلیو میں اضافہ، شاہ رخ کے بعد دوسرے نمبرپرفائز,synthetic
raw/synthetic/synth_0016.jpg,ٹینس سے دورماریا شراپووا امریکا میں چاکلیٹ بیچنے لگیں,synthetic
raw/synthetic/synth_0017.jpg,ظہیرخان کی اداکارہ ساگریکا سے منگنی,synthetic
raw/synthetic/synth_0018.jpg,شفاف اور دھندلا ہوجانے والا نینو شیشہ,synthetic
raw/synthetic/synth_0019.jpg,زمبابوے سے سیریز؛ بے اعتبار بیٹنگ نے کوچ کی دھڑکنیں تیز کردیں,synthetic
raw/synthetic/synth_0020.jpg,فاسٹ بولر محمد عرفان کی والدہ انتقال کر گئیں,synthetic
raw/synthetic/synth_0021.jpg,بحران حل کرنے کیلیے اقبال قاسم مزید فرائض نبھانے کوتیار,synthetic
raw/synthetic/synth_0022.jpg,روس کا 2030 تک چاند پر مستقل کالونی بنانے کا منصوبہ,synthetic
raw/synthetic/synth_0023.jpg,شہریار کو نیب سے ’’معاملات‘‘ جلد حل ہونے کی امید,synthetic
raw/synthetic/synth_0024.jpg,بھارتی ایتھلیٹ سیلفی کے چکر میں ہلاک,synthetic
raw/synthetic/synth_0025.jpg,پی ایس ایل تھری فائنل کے لیے میچ آفیشلز کا اعلان,synthetic
raw/synthetic/synth_0026.jpg,دورۂ زمبابوے میں سینئرز کو آرام کا موقع دینا چاہیے,synthetic
raw/synthetic/synth_0027.jpg,پاکستان کی جیت پر حنیف محمد بھی خوشی سے سرشار,synthetic
raw/synthetic/synth_0028.jpg,قومی فٹبال ٹیم کے لیے غیر ملکی کوچ کی خدمات حاصل کرنے کا فیصلہ,synthetic
raw/synthetic/synth_0029.jpg,چین سے حشیش کے پودوں میں لپٹی ہوئی 2500 سال قدیم لاش,synthetic
raw/synthetic/synth_0030.jpg,سہیل تنویر کے گھر ننھے مہمان کی آمد,synthetic
raw/synthetic/synth_0031.jpg,ٹروٹ کے اعصاب پہلے ہی ایشز ٹیسٹ میں جواب دے گئے,synthetic
raw/synthetic/synth_0032.jpg,آئی سی سی کا پاک زمبابوے سیریز کے لئے آفیشلز نہ بھیجنے کا اعلان,synthetic
raw/synthetic/synth_0033.jpg,ریم اور روم کی ضرورت ختم کرنے والی نئی میموری تیار,synthetic
raw/synthetic/synth_0034.jpg,پاکستان نے سپرسکسز ٹورنامنٹ میں بھارت کو شکست دے دی,synthetic
raw/synthetic/synth_0035.jpg,بیٹنگ پر دھیان مرکوز رکھنے کیلیے گانے گانا دھونی کی مجبوری !!!,synthetic
raw/synthetic/synth_0036.jpg,گرتی ہوئی دیوار کو آخری دھکا دینےکیلیے پاکستان تیار,synthetic
raw/synthetic/synth_0037.jpg,مثبت پاکستانی تاثر دنیا میں اجاگر کرتا رہوں گا، عامر خان,synthetic
raw/synthetic/synth_0038.jpg,وقار کو گرین سگنل دینے پر باقی اُمیدوار غصے سے لال,synthetic
raw/synthetic/synth_0039.jpg,بل گیٹس ایک بار پھر دنیا کے امیر ترین شخص بن گئے,synthetic
raw/synthetic/synth_0040.jpg,ورلڈ کپ 2015 کے لئے 15 رکنی قومی کرکٹ ٹیم کا اعلان,synthetic
raw/synthetic/synth_0041.jpg,پی ایس ایل میں غیر ملکی اسٹارز کی کمی کھٹکنے لگی,synthetic
raw/synthetic/synth_0042.jpg,آفریدی نے پاکستانی پلیئرز سے ’’ڈومور‘‘ کا مطالبہ کردیا,synthetic
raw/synthetic/synth_0043.jpg,ہلدی منہ کے کینسر کیلئے مفید ہے، ماہرین,synthetic
raw/synthetic/synth_0044.jpg,قومی ٹیم کے ناکام بولنگ کوچ مستقبل کے سہانے خواب دکھانے لگے,synthetic
raw/synthetic/synth_0045.jpg,ورلڈ کپ میں کیوں ہارے؟ ناقص کارکردگی کا آج پوسٹ مارٹم ہوگا,synthetic
raw/synthetic/synth_0046.jpg,آئی پی ایل کی افتتاحی تقریب انعقاد سے قبل تنازع کا شکار,synthetic
raw/synthetic/synth_0047.jpg,شکست پر بوکھلا کر بھارت نے کوچ کے پر کتر دیے,synthetic
raw/synthetic/synth_0048.jpg,ویمنز ٹی20 کرکٹ،پاکستان نے آئرلینڈ کو زیر کرلیا,synthetic
raw/synthetic/synth_0049.jpg,موٹاپا 8 سالہ بچے کو بھی دل کا مریض بنا سکتا ہے، تحقیق,synthetic
raw/synthetic/synth_0050.jpg,پی ایس ایل میں چھٹی ٹیم قبول نہیں، فرنچائزز ڈٹ گئیں,synthetic
raw/synthetic/synth_0051.jpg,بھارت سیریز سے قبل ہی پاکستان کو ناز نخرے دکھانے لگا,synthetic
raw/synthetic/synth_0052.jpg,کرکٹ کے لیے حنیف محمدکی خدمات انمول ہیں، آئی سی سی چیف,synthetic
raw/synthetic/synth_0053.jpg,ٹیسٹ رینکنگ: یونس کا ایک درجے بہتری سے نواں نمبر,synthetic
raw/synthetic/synth_0054.jpg,مشکوک بولنگ ٹیسٹ کی رپورٹ خفیہ دستاویز بن گئی,synthetic
raw/synthetic/synth_0055.jpg,قاتل روبوٹ تیار کرنے والی جنوبی کوریا کی یونیورسٹی کا بائیکاٹ,synthetic
raw/synthetic/synth_0056.jpg,انڈین ویلز ٹینس؛ ریڈوانسکا کو کریلنکو نے واپس کا پروانہ تھمادیا,synthetic
raw/synthetic/synth_0057.jpg,برازیل کا انوکھا خاندان جس کے ہر فرد کی 24 انگلیاں ہیں,synthetic
raw/synthetic/synth_0058.jpg,ٹیم کے بیٹنگ کوچ ٹرینٹ ووڈہل کو فارغ کردیا گیا,synthetic
raw/synthetic/synth_0059.jpg,بھنڈی، غذا ہی نہیں بلکہ خطرناک امراض سے بچاؤ کا قدرتی ذریعہ بھی ہے,synthetic
raw/synthetic/synth_0060.jpg,ورلڈ کپ ہاکی میں آسٹریلیا اور انگلینڈ کی سیمی فائنل تک رسائی,synthetic
raw/synthetic/synth_0061.jpg,روسی صدر کی تصویر گاڑی پر لگائیں، چالان اور رشوت ستانی سے بچیں!,synthetic
raw/synthetic/synth_0062.jpg,کم شکر میں زیادہ مٹھاس والی صحت بخش چاکلیٹ تیار,synthetic
raw/synthetic/synth_0063.jpg,ناقص فیلڈنگ پر حیران شعیب اخترکا قومی کرکٹرز کو منفرد مشورہ,synthetic
raw/synthetic/synth_0064.jpg,اصلی پھولوں سے بنی موبائل فون کیسنگ تیار,synthetic
raw/synthetic/synth_0065.jpg,زیادہ کھانا موٹاپے کے ساتھ جگر کی خرابی کا بھی باعث ہو سکتا ہے، تحقیق,synthetic
raw/synthetic/synth_0066.jpg,فیس بک وڈیو شیئرنگ میں یو ٹیوب کے لیے خطرہ بن گئی,synthetic
raw/synthetic/synth_0067.jpg,تھائی پولیس  چُڑیل  کے تعاقب میں۔۔۔۔!,synthetic
raw/synthetic/synth_0068.jpg,تیسرا ٹیسٹ، پروٹیز ایڑی چوٹی کا زور لگانے کے باوجود ناکام,synthetic
raw/synthetic/synth_0069.jpg,شعیب ثانیہ نے اپنے ہونے والے بچے کا نام بتادیا,synthetic
raw/synthetic/synth_0070.jpg,زمبابوے کی سری لنکا کے خلاف تاریخی فتح,synthetic
raw/synthetic/synth_0071.jpg,محمد عامر فلم ’’یلغار‘‘ دیکھنے کے لیے سینما پہنچ گئے,synthetic
raw/synthetic/synth_0072.jpg,پاکستان ہاکی فیڈریشن کے سیکرٹری رانا مجاہد عہدے سے مستعفی,synthetic
raw/synthetic/synth_0073.jpg,افریقی شیروں کا شکار، کوچ نئے ہتھیار آزمانے کے خواہاں,synthetic
raw/synthetic/synth_0074.jpg,آئی سی سی بورڈ کا 2 روزہ اجلاس لندن میں شروع,synthetic
raw/synthetic/synth_0075.jpg,ہاتھوں سے ظاہر ہونے والی پانچ خطرناک بیماریاں,synthetic
raw/synthetic/synth_0076.jpg,ورلڈ الیون میں شمولیت بین کٹنگ کیلیے منفرد تجربہ,synthetic
raw/synthetic/synth_0077.jpg,آنکھوں کے دانے ؛  گھریلو علاج اور چند احتیاطیں,synthetic
raw/synthetic/synth_0078.jpg,فکسنگ تنازع کا بورڈ بھی ذمہ دار,synthetic
raw/synthetic/synth_0079.jpg,ٹی ٹوئنٹی سیریز میں پاکستان فتح حاصل کرسکتا ہے، محمد یوسف,synthetic
raw/synthetic/synth_0080.jpg,آئی پی ایل کا کنٹرول بھی عدالتی کمیٹی کو سونپنے کی درخواست,synthetic
raw/synthetic/synth_0081.jpg,موٹاپا کم کرنا ہے تو دھوپ سینکیں، تحقیق,synthetic
raw/synthetic/synth_0082.jpg,سعید اجمل کو ’’باہر نکالو‘‘,synthetic
raw/synthetic/synth_0083.jpg,لارڈز سے لارڈز تک,synthetic
raw/synthetic/synth_0084.jpg,ایک بازو سے محروم باہمت شخص نے جہاز اُڑانا سیکھ لیا,synthetic
raw/synthetic/synth_0085.jpg,تھری ڈی ویڈیو کی سہولت بہت جلد فیس بک پر بھی,synthetic
raw/synthetic/synth_0086.jpg,شعیب ملک نے اپنے رویے سے حسن علی کو گرویدہ بنا لیا,synthetic
raw/synthetic/synth_0087.jpg,کلین سوئپ کے باوجود پاکستان کی چھٹی پوزیشن میں کوئی فرق نہیں آیا,synthetic
raw/synthetic/synth_0088.jpg,اذلان شاہ کپ ہاکی؛ توثیق کی کمر جواب دے گئی، کاشف اسکواڈ میں شامل,synthetic
raw/synthetic/synth_0089.jpg,پاکستانی کھلاڑی نے ایک روزہ کرکٹ میں ٹرپل سنچری داغ کر تاریخ رقم کردی,synthetic
raw/synthetic/synth_0090.jpg,نامساعد حالات کے باوجود امید کا دامن ہاتھ سے نہیں چھوڑنا چاہیے,synthetic
raw/synthetic/synth_0091.jpg,سری لنکن ٹیم پر حملے کے 6 سال مکمل، پاکستانی میدان تاحال ویران,synthetic
raw/synthetic/synth_0092.jpg,کرس گیل نے خود کو ٹی 20 کا موجد قرار دیدیا,synthetic
raw/synthetic/synth_0093.jpg,منہ کی بدبو کی وجہ اور اس کا علاج,synthetic
raw/synthetic/synth_0094.jpg,ورلڈکپ میں شاہینوں کی اونچی پرواز جاری,synthetic
raw/synthetic/synth_0095.jpg,پاکستان نے بھارت سے ہار کا غصہ بنگلہ دیش پر نکال دیا,synthetic
raw/synthetic/synth_0096.jpg,محمد حفیظ پرپاکستان سپر لیگ میں بولنگ کرانے پرپابندی عائد,synthetic
raw/synthetic/synth_0097.jpg,کرکٹررومان رئیس رشتہ ازدواج میں منسلک ہو گئے,synthetic
raw/synthetic/synth_0098.jpg,پاکستان نے ویسٹ انڈیزکو ٹی ٹوئنٹی سیریز میں وائٹ واش کردیا,synthetic
raw/synthetic/synth_0099.jpg,ایکواڈور کا آخری ’آئس مین‘,synthetic
raw/synthetic/synth_0100.jpg,ٹوئنٹی 20 بلائنڈ ورلڈ کپ؛ پاکستانی کرکٹرز کو بھارتی ویزے جاری,synthetic
raw/synthetic/synth_0101.jpg,شکستوں کی داستان طویل ہوگئی,synthetic
raw/synthetic/synth_0102.jpg,پاکستان سے ہاکی سیریز، بھارتی ٹیم نے آواز بلند کردی,synthetic
raw/synthetic/synth_0103.jpg,پاکستان نہیں آرہے تواپنے ملک ہی بلا لو؛ پی سی بی کی بھارت کو پیشکش,synthetic
raw/synthetic/synth_0104.jpg,انسانی اعضاء ’’چھاپنے‘‘ میں مددگار جیلی کی دریافت,synthetic
raw/synthetic/synth_0105.jpg,پاکستان اور بھارت کا ہر سال ہاکی سیریز کرانے کا فیصلہ,synthetic
raw/synthetic/synth_0106.jpg,برسبین ٹیسٹ میں پاکستانی فیلڈرز کی مہربانیوں کا سلسلہ جاری رہا,synthetic
raw/synthetic/synth_0107.jpg,انڈوں کی سخت اندرونی تہہ کو ننھے چوزے کیسے توڑ لیتے ہیں؟,synthetic
raw/synthetic/synth_0108.jpg,ویٹ لفٹنگ فیڈریشن پر ایڈہاک لگانے کا مطالبہ,synthetic
raw/synthetic/synth_0109.jpg,پاکستان نے نئے ٹیلنٹ کو زیادہ مواقع دینے کی ٹھان لی,synthetic
